{
  "minecraft:recipes/decorations/crafting_table": {
    "criteria": {
      "unlock_right_away": "2024-06-06 14:56:23 -0400"
    },
    "done": true
  },
  "minecraft:adventure/adventuring_time": {
    "criteria": {
      "minecraft:taiga": "2024-06-06 14:56:23 -0400",
      "minecraft:river": "2024-06-06 14:57:16 -0400",
      "minecraft:snowy_plains": "2024-06-06 14:56:31 -0400",
      "minecraft:old_growth_spruce_taiga": "2024-06-06 14:56:34 -0400",
      "minecraft:snowy_beach": "2024-06-06 14:56:43 -0400",
      "minecraft:plains": "2024-06-06 14:56:37 -0400"
    },
    "done": false
  },
  "DataVersion": 3578
}